{"entities":{"pages":{"starter":{"id":"starter","title":"Introduction","url":"starter.html","level":0,"tabIndex":0},"Getting-Started":{"id":"Getting-Started","title":"Getting Started","url":"getting-started.html","level":0,"tabIndex":1},"App-Object-Express-Object":{"id":"App-Object-Express-Object","title":"App Object (Express Object)","url":"app-object-express-object.html","level":0,"tabIndex":2},"Request-Object":{"id":"Request-Object","title":"Request Object","url":"request-object.html","level":0,"tabIndex":3},"Response-Object":{"id":"Response-Object","title":"Response Object","url":"response-object.html","level":0,"tabIndex":4},"Routing-Express-Router":{"id":"Routing-Express-Router","title":"Routing (Express.Router())","url":"routing-express-router.html","level":0,"tabIndex":5},"Serving-static-files-Uploading-files":{"id":"Serving-static-files-Uploading-files","title":"Serving static files \u0026 Uploading files","url":"serving-static-files-uploading-files.html","level":0,"tabIndex":6},"Middlewares":{"id":"Middlewares","title":"Middlewares","url":"middlewares.html","level":0,"tabIndex":7},"Schema-Validation-Zod":{"id":"Schema-Validation-Zod","title":"Schema Validation (Zod)","url":"schema-validation-zod.html","level":0,"tabIndex":8},"JWT-Authentication-Authorization":{"id":"JWT-Authentication-Authorization","title":"JWT (Authentication \u0026 Authorization)","url":"jwt-authentication-authorization.html","level":0,"tabIndex":9},"Developing-An-API":{"id":"Developing-An-API","title":"Developing An API","url":"developing-an-api.html","level":0,"tabIndex":10},"Sending-Emails-Programmatically":{"id":"Sending-Emails-Programmatically","title":"Sending Emails Programmatically","url":"sending-emails-programmatically.html","level":0,"tabIndex":11},"Managing-Cron-Jobs-and-Background-Services":{"id":"Managing-Cron-Jobs-and-Background-Services","title":"Managing Cron Jobs and Background Services","url":"managing-cron-jobs-and-background-services.html","level":0,"tabIndex":12},"EJS-Templating-Engine":{"id":"EJS-Templating-Engine","title":"EJS Templating Engine","url":"ejs-templating-engine.html","level":0,"tabIndex":13}}},"topLevelIds":["starter","Getting-Started","App-Object-Express-Object","Request-Object","Response-Object","Routing-Express-Router","Serving-static-files-Uploading-files","Middlewares","Schema-Validation-Zod","JWT-Authentication-Authorization","Developing-An-API","Sending-Emails-Programmatically","Managing-Cron-Jobs-and-Background-Services","EJS-Templating-Engine"]}